Workbook

Sheet RawData
A1: model | B1: size | C1: context | D1: steps | E1: perplexity | F1: val_loss
A2: attnres | B2: medium | C2: 512 | D2: 200 | E2: 70.926788 | F2: 4.2616483
A3: baseline | B3: medium | C3: 512 | D3: 200 | E3: 84.153374 | F3: 4.4326408
A4: attnres | B4: small | C4: 512 | D4: 300 | E4: 62.141296 | F4: 4.1294109
A5: baseline | B5: small | C5: 512 | D5: 300 | E5: 65.477463 | F5: 4.1817061
A6: attnres | B6: large | C6: 256 | D6: 2000 | E6: 12.132092 | F6: 2.4958541
A7: baseline | B7: large | C7: 256 | D7: 2000 | E7: 14.761963 | F7: 2.6920538
A8: attnres | B8: medium | C8: 256 | D8: 200 | E8: 79.426201 | F8: 4.3748284
A9: baseline | B9: medium | C9: 256 | D9: 200 | E9: 97.334793 | F9: 4.5781565
A10: attnres | B10: small | C10: 256 | D10: 300 | E10: 67.708282 | F10: 4.2152086
A11: baseline | B11: small | C11: 256 | D11: 300 | E11: 73.52504 | F11: 4.2976259
A12: attnres | B12: medium | C12: 128 | D12: 200 | E12: 89.86805 | F12: 4.4983426
A13: baseline | B13: medium | C13: 128 | D13: 200 | E13: 115.78795 | F13: 4.7517605
... A15: baseline | B15: small | C15: 128 | D15: 300 | E15: 79.222099 | F15: 4.3722555
N37: baseline | O37: large | P37: 512 | Q37: 2000 | R37: 12.978312 | S37: 2.5632797

Sheet Summary
A1: size | B1: context | C1: steps | D1: baseline_ppl | E1: attnres_ppl | F1: delta_ppl | G1: baseline_loss | H1: attnres_loss | I1: delta_loss
A2: large | B2: 256 | C2: 2000 | D2: =AVERAGEIFS(RawData!E:E, RawData!A:A, "baseline", RawData!B:B, A2, RawData!C:C, B2, RawData!D:D, C2) -> 14.761963 | E2: =AVERAGEIFS(RawData!E:E, RawData!A:A, "attnres", RawData!B:B, A2, RawData!C:C, B2, RawData!D:D, C2) -> 12.132092 | F2: =D2-E2 -> 2.6298714 | G2: =AVERAGEIFS(RawData!F:F, RawData!A:A, "baseline", RawData!B:B, A2, RawData!C:C, B2, RawData!D:D, C2) -> 2.6920538 | H2: =AVERAGEIFS(RawData!F:F, RawData!A:A, "attnres", RawData!B:B, A2, RawData!C:C, B2, RawData!D:D, C2) -> 2.4958541 | I2: =G2-H2 -> 0.19619968
A3: large | B3: 256 | C3: 2000 | D3: =AVERAGEIFS(RawData!E:E, RawData!A:A, "baseline", RawData!B:B, A3, RawData!C:C, B3, RawData!D:D, C3) -> 14.761963 | E3: =AVERAGEIFS(RawData!E:E, RawData!A:A, "attnres", RawData!B:B, A3, RawData!C:C, B3, RawData!D:D, C3) -> 12.132092 | F3: =D3-E3 -> 2.6298714 | G3: =AVERAGEIFS(RawData!F:F, RawData!A:A, "baseline", RawData!B:B, A3, RawData!C:C, B3, RawData!D:D, C3) -> 2.6920538 | H3: =AVERAGEIFS(RawData!F:F, RawData!A:A, "attnres", RawData!B:B, A3, RawData!C:C, B3, RawData!D:D, C3) -> 2.4958541 | I3: =G3-H3 -> 0.19619968
A4: medium | B4: 512 | C4: 200 | D4: =AVERAGEIFS(RawData!E:E, RawData!A:A, "baseline", RawData!B:B, A4, RawData!C:C, B4, RawData!D:D, C4) -> 84.153374 | E4: =AVERAGEIFS(RawData!E:E, RawData!A:A, "attnres", RawData!B:B, A4, RawData!C:C, B4, RawData!D:D, C4) -> 70.926788 | F4: =D4-E4 -> 13.226585 | G4: =AVERAGEIFS(RawData!F:F, RawData!A:A, "baseline", RawData!B:B, A4, RawData!C:C, B4, RawData!D:D, C4) -> 4.4326408 | H4: =AVERAGEIFS(RawData!F:F, RawData!A:A, "attnres", RawData!B:B, A4, RawData!C:C, B4, RawData!D:D, C4) -> 4.2616483 | I4: =G4-H4 -> 0.17099252
A5: medium | B5: 512 | C5: 200 | D5: =AVERAGEIFS(RawData!E:E, RawData!A:A, "baseline", RawData!B:B, A5, RawData!C:C, B5, RawData!D:D, C5) -> 84.153374 | E5: =AVERAGEIFS(RawData!E:E, RawData!A:A, "attnres", RawData!B:B, A5, RawData!C:C, B5, RawData!D:D, C5) -> 70.926788 | F5: =D5-E5 -> 13.226585 | G5: =AVERAGEIFS(RawData!F:F, RawData!A:A, "baseline", RawData!B:B, A5, RawData!C:C, B5, RawData!D:D, C5) -> 4.4326408 | H5: =AVERAGEIFS(RawData!F:F, RawData!A:A, "attnres", RawData!B:B, A5, RawData!C:C, B5, RawData!D:D, C5) -> 4.2616483 | I5: =G5-H5 -> 0.17099252
A6: medium | B6: 256 | C6: 200 | D6: =AVERAGEIFS(RawData!E:E, RawData!A:A, "baseline", RawData!B:B, A6, RawData!C:C, B6, RawData!D:D, C6) -> 97.334793 | E6: =AVERAGEIFS(RawData!E:E, RawData!A:A, "attnres", RawData!B:B, A6, RawData!C:C, B6, RawData!D:D, C6) -> 79.426201 | F6: =D6-E6 -> 17.908592 | G6: =AVERAGEIFS(RawData!F:F, RawData!A:A, "baseline", RawData!B:B, A6, RawData!C:C, B6, RawData!D:D, C6) -> 4.5781565 | H6: =AVERAGEIFS(RawData!F:F, RawData!A:A, "attnres", RawData!B:B, A6, RawData!C:C, B6, RawData!D:D, C6) -> 4.3748284 | I6: =G6-H6 -> 0.20332808
A7: medium | B7: 256 | C7: 200 | D7: =AVERAGEIFS(RawData!E:E, RawData!A:A, "baseline", RawData!B:B, A7, RawData!C:C, B7, RawData!D:D, C7) -> 97.334793 | E7: =AVERAGEIFS(RawData!E:E, RawData!A:A, "attnres", RawData!B:B, A7, RawData!C:C, B7, RawData!D:D, C7) -> 79.426201 | F7: =D7-E7 -> 17.908592 | G7: =AVERAGEIFS(RawData!F:F, RawData!A:A, "baseline", RawData!B:B, A7, RawData!C:C, B7, RawData!D:D, C7) -> 4.5781565 | H7: =AVERAGEIFS(RawData!F:F, RawData!A:A, "attnres", RawData!B:B, A7, RawData!C:C, B7, RawData!D:D, C7) -> 4.3748284 | I7: =G7-H7 -> 0.20332808
A8: medium | B8: 128 | C8: 200 | D8: =AVERAGEIFS(RawData!E:E, RawData!A:A, "baseline", RawData!B:B, A8, RawData!C:C, B8, RawData!D:D, C8) -> 115.78795 | E8: =AVERAGEIFS(RawData!E:E, RawData!A:A, "attnres", RawData!B:B, A8, RawData!C:C, B8, RawData!D:D, C8) -> 89.86805 | F8: =D8-E8 -> 25.919899 | G8: =AVERAGEIFS(RawData!F:F, RawData!A:A, "baseline", RawData!B:B, A8, RawData!C:C, B8, RawData!D:D, C8) -> 4.7517605 | H8: =AVERAGEIFS(RawData!F:F, RawData!A:A, "attnres", RawData!B:B, A8, RawData!C:C, B8, RawData!D:D, C8) -> 4.4983426 | I8: =G8-H8 -> 0.25341787
A9: medium | B9: 128 | C9: 200 | D9: =AVERAGEIFS(RawData!E:E, RawData!A:A, "baseline", RawData!B:B, A9, RawData!C:C, B9, RawData!D:D, C9) -> 115.78795 | E9: =AVERAGEIFS(RawData!E:E, RawData!A:A, "attnres", RawData!B:B, A9, RawData!C:C, B9, RawData!D:D, C9) -> 89.86805 | F9: =D9-E9 -> 25.919899 | G9: =AVERAGEIFS(RawData!F:F, RawData!A:A, "baseline", RawData!B:B, A9, RawData!C:C, B9, RawData!D:D, C9) -> 4.7517605 | H9: =AVERAGEIFS(RawData!F:F, RawData!A:A, "attnres", RawData!B:B, A9, RawData!C:C, B9, RawData!D:D, C9) -> 4.4983426 | I9: =G9-H9 -> 0.25341787
A10: small | B10: 512 | C10: 300 | D10: =AVERAGEIFS(RawData!E:E, RawData!A:A, "baseline", RawData!B:B, A10, RawData!C:C, B10, RawData!D:D, C10) -> 65.477463 | E10: =AVERAGEIFS(RawData!E:E, RawData!A:A, "attnres", RawData!B:B, A10, RawData!C:C, B10, RawData!D:D, C10) -> 62.141296 | F10: =D10-E10 -> 3.3361664 | G10: =AVERAGEIFS(RawData!F:F, RawData!A:A, "baseline", RawData!B:B, A10, RawData!C:C, B10, RawData!D:D, C10) -> 4.1817061 | H10: =AVERAGEIFS(RawData!F:F, RawData!A:A, "attnres", RawData!B:B, A10, RawData!C:C, B10, RawData!D:D, C10) -> 4.1294109 | I10: =G10-H10 -> 0.05229528
A11: small | B11: 512 | C11: 300 | D11: =AVERAGEIFS(RawData!E:E, RawData!A:A, "baseline", RawData!B:B, A11, RawData!C:C, B11, RawData!D:D, C11) -> 65.477463 | E11: =AVERAGEIFS(RawData!E:E, RawData!A:A, "attnres", RawData!B:B, A11, RawData!C:C, B11, RawData!D:D, C11) -> 62.141296 | F11: =D11-E11 -> 3.3361664 | G11: =AVERAGEIFS(RawData!F:F, RawData!A:A, "baseline", RawData!B:B, A11, RawData!C:C, B11, RawData!D:D, C11) -> 4.1817061 | H11: =AVERAGEIFS(RawData!F:F, RawData!A:A, "attnres", RawData!B:B, A11, RawData!C:C, B11, RawData!D:D, C11) -> 4.1294109 | I11: =G11-H11 -> 0.05229528
A12: small | B12: 256 | C12: 300 | D12: =AVERAGEIFS(RawData!E:E, RawData!A:A, "baseline", RawData!B:B, A12, RawData!C:C, B12, RawData!D:D, C12) -> 73.52504 | E12: =AVERAGEIFS(RawData!E:E, RawData!A:A, "attnres", RawData!B:B, A12, RawData!C:C, B12, RawData!D:D, C12) -> 67.708282 | F12: =D12-E12 -> 5.8167572 | G12: =AVERAGEIFS(RawData!F:F, RawData!A:A, "baseline", RawData!B:B, A12, RawData!C:C, B12, RawData!D:D, C12) -> 4.2976259 | H12: =AVERAGEIFS(RawData!F:F, RawData!A:A, "attnres", RawData!B:B, A12, RawData!C:C, B12, RawData!D:D, C12) -> 4.2152086 | I12: =G12-H12 -> 0.082417345
A13: small | B13: 256 | C13: 300 | D13: =AVERAGEIFS(RawData!E:E, RawData!A:A, "baseline", RawData!B:B, A13, RawData!C:C, B13, RawData!D:D, C13) -> 73.52504 | E13: =AVERAGEIFS(RawData!E:E, RawData!A:A, "attnres", RawData!B:B, A13, RawData!C:C, B13, RawData!D:D, C13) -> 67.708282 | F13: =D13-E13 -> 5.8167572 | G13: =AVERAGEIFS(RawData!F:F, RawData!A:A, "baseline", RawData!B:B, A13, RawData!C:C, B13, RawData!D:D, C13) -> 4.2976259 | H13: =AVERAGEIFS(RawData!F:F, RawData!A:A, "attnres", RawData!B:B, A13, RawData!C:C, B13, RawData!D:D, C13) -> 4.2152086 | I13: =G13-H13 -> 0.082417345
... A15: small | B15: 128 | C15: 300 | D15: =AVERAGEIFS(RawData!E:E, RawData!A:A, "baseline", RawData!B:B, A15, RawData!C:C, B15, RawData!D:D, C15) -> 79.222099 | E15: =AVERAGEIFS(RawData!E:E, RawData!A:A, "attnres", RawData!B:B, A15, RawData!C:C, B15, RawData!D:D, C15) -> 71.908844 | F15: =D15-E15 -> 7.3132553 | G15: =AVERAGEIFS(RawData!F:F, RawData!A:A, "baseline", RawData!B:B, A15, RawData!C:C, B15, RawData!D:D, C15) -> 4.3722555 | H15: =AVERAGEIFS(RawData!F:F, RawData!A:A, "attnres", RawData!B:B, A15, RawData!C:C, B15, RawData!D:D, C15) -> 4.2753991 | I15: =G15-H15 -> 0.096856356
